offset	unit	len	text
74003	58	45	   <コマンド><05> 話<64><65>  魔法<05> 持物  装備<05> 状態  調べる
740A6	58	3	{02:03}<47>
74199	58	8	 はい<05> いいえ
741EB	58	49	 {02:0A} {02:14}<05> {02:1E} {02:28}<05> {02:32} {02:3C}<05> {02:46} {02:50}<05> {02:5A} {02:64}<05> {02:6E} {02:78}<05> {02:82} {02:8C}<05>
742BD	58	41	   <魔法><05> {02:0A}  {02:14}<05> {02:46}  {02:50}<05> {02:82}  {02:8C}<05> {02:BE}  {02:C8}
742ED	58	41	   <魔法><05> {02:0A}  {02:14}<05> {02:1E}  {02:28}<05> {02:32}  {02:3C}<05> {02:46}  {02:50}
74358	58	15	        <魔法><05>
7438B	58	5	 {02:14}{02:08}
74397	58	10	          
743FB	58	3	 {02:0A}
7440D	58	7	 {02:0A}<05> {02:46}
74423	58	11	 {02:0A}<05> {02:46}<05> {02:82}
7443D	58	15	 {02:0A}<05> {02:46}<05> {02:82}<05> {02:BE}
74516	58	27	 <なまえ>    < <48> <50> >  < <4D> <50> ><05>
7454E	58	7	 {02:0A}    
74561	58	3	{02:07}/
74570	58	4	{02:07}  
74580	58	3	{02:07}/
7459D	58	3	{02:07}<05>
74697	58	6	<4C><56>:{02:03}<05>
746B6	58	6	<45><58>:{02:03}<05>
746D0	58	4	 {02:0A}<05>
746E0	58	5	<48><50> {02:07}
746F1	58	4	/{02:07}<05>
74701	58	5	<4D><50> {02:07}
74721	58	4	/{02:07}<05>
74731	58	10	ちから    {02:07}<05>
74747	58	10	攻撃力 {02:07}<05>
7475D	58	10	たいりょく  {02:07}<05>
74773	58	10	防御力 {02:07}<05>
74787	58	10	かしこさ   {02:07}<05>
74797	58	1	-
747B0	58	2	 -
74818	58	46	   <装備><05> 武器 {02:0A}<05> よろい  {02:14}<05> た て  {02:1E}<05> その他 {02:28}<05>
748F5	58	42	     <魔法><05>{02:0A} {02:14}<05>{02:1E} {02:28}<05>{02:32} {02:3C}<05>{02:46} {02:50}<05>{02:5A} {02:64}<05>
7492E	58	18	         <武  器><05>
74983	58	18	        < よ ろ い ><05>
749D8	58	17	         < た て ><05>
74A2C	58	17	          <その他><05>
74AB5	58	35	 {02:0A}  {02:14}  {02:1E}<05> {02:28}  {02:32}  {02:3C}<05> {02:46}  {02:50}  {02:5A}
74B70	58	9	 {02:14}  {02:05}<47><05>
74BA8	58	10	<部隊><05> {02:0A}
74BBC	58	14	<部隊><05> {02:0A}<05> {02:46}
74BD4	58	18	<部隊><05> {02:0A}<05> {02:46}<05> {02:82}
74BF0	58	22	<部隊><05> {02:0A}<05> {02:46}<05> {02:82}<05> {02:BE}
74C6F	58	49	 {02:0A} {02:14}<05> {02:1E} {02:28}<05> {02:32} {02:3C}<05> {02:46} {02:50}<05> {02:5A} {02:64}<05> {02:6E} {02:78}<05> {02:82} {02:8C}<05>
74CF6	58	13	 たびのきろくを うつす<05>
74D11	58	11	 たびのきろくを けす
74D3F	58	9	 たびのきろく{02:0A}
74D7B	58	10	 {02:14} レベル{02:07}<05>
74D8A	58	7	 はじめから<05>
74E5D	58	15	 これを けして いいですか?
7513B	58	8	<なまえ><05>{02:0A}
751BB	58	30	 <コマンド><05> 状態<05> 全部隊総り<05> 中断
75225	58	17	 ゲームを中断していいですか?
75245	58	20	 状態<05> {60:61}{62:63}<05> 部隊総り
75283	58	6	 巣穴<05>
75290	58	6	 巣穴<05>
7529A	58	6	 攻撃<05>
752A4	58	23	 魔法<05> 持物<05> 装備<05> 待機
752C2	58	6	 巣穴<05>
752CF	58	6	 巣穴<05>
752D9	58	6	 攻撃<05>
752E3	58	17	 持物<05> 装備<05> 待機
753D3	58	7	{02:0A} /{02:14}<05>
753E1	58	3	{02:0A}<05>
753E8	58	3	<48><50> 
753F7	58	1	/
75404	58	4	<05><4D><50> 
75414	58	1	/
75432	58	2	{02:07}
75438	58	1	<05>
75445	58	4	攻{02:07}
75456	58	1	!
7545E	58	1	 
75463	58	3	/防
75472	58	1	<05>
75482	58	3	???
7548D	58	2	{02:07}
7549F	58	8	武器 {02:0A}<05>
754CA	58	8	 <70><41><A0>:{02:07}<05>
754DC	58	6	 <05>:{02:08}<05>
754EC	58	6	 <59>:{02:08}<05>
