table	id	it
items	1	Fulmine
items	2	Tempest
items	3	Erba
items	4	ErbaFin
items	5	Etere
items	6	RugMoto
items	7	RugSapi
items	8	SpiVita
items	9	SpiMana
items	10	ErbaVit
items	11	ErbaCur
items	12	Sake
items	13	RugArca
items	14	Panico
items	15	Tomo
items	16	LuceSac
items	17	ErbaMir
items	18	Fungo
items	19	FlaSonn
items	20	Acqua
items	21	LibStri
items	22	SigWing
items	23	Petrol
items	24	Lettera
items	25	Lett.1
items	26	Lett.2
items	27	Lett.3
items	28	Dinamit
items	29	Occhio
items	30	Collana
items	31	Travest
items	32	Ascia
items	33	Tronco
items	34	Lampada
items	35	Tessera
items	36	Emblema
items	37	Ignoto4
items	38	Ignoto5
items	39	Nessuno
items	40	AnHorma
items	41	Zaffiro
items	42	Rubino
items	43	Smerald
items	44	Lapis
items	45	Cristal
items	46	Turches
items	47	Ametist
items	48	<4D><50>Anel
items	49	????
items	50	AmuMana
items	51	StivVel
items	52	AmuProt
items	53	AmuBarn
items	54	AmuKurn
items	55	Nessuno
items	56	SpaRugg
items	57	LanRugg
items	58	SpaBron
items	59	LanBron
items	60	SpaFerr
items	61	LanFerr
items	62	SpaAcci
items	63	LanAcci
items	64	SpaArge
items	65	LanArge
items	66	SpaTrom
items	67	Vortice
items	68	SpaLuce
items	69	Spadone
items	70	SpaCura
items	71	Saturno
items	72	Fiamma
items	73	Stilett
items	74	Giove
items	75	Marte
items	76	Ciclone
items	77	Badile
items	78	Bizzarr
items	79	ExCutt
items	80	JustLan
items	81	ArcoLeg
items	82	ArcoInc
items	83	ArcoBro
items	84	ArcoFer
items	85	ArcoAcc
items	86	ArcoArg
items	87	Balestr
items	88	Boomera
items	89	BoomFer
items	90	BoomArg
items	91	Kamikaz
items	92	Letale
items	93	Elegant
items	94	BalArge
items	95	Furia
items	96	ArcLuna
items	97	JustArc
items	98	BastLeg
items	99	BastPie
items	100	BastVet
items	101	BastFer
items	102	BastSpi
items	103	BastArg
items	104	BastCur
items	105	ManaRod
items	106	Zanna
items	107	JustMac
items	108	Piccone
items	109	Nessuno
items	110	VestLin
items	111	CorCuoi
items	112	PettBro
items	113	Squame
items	114	Maglia
items	115	CorFerr
items	116	CorAcci
items	117	CorArge
items	118	CorAngl
items	119	CorVecc
items	120	Divisa
items	121	CorCont
items	122	CorFasc
items	123	CorPesa
items	124	CorMerc
items	125	JustArm
items	126	CorCura
items	127	CorSola
items	128	CorSpec
items	129	CorMist
items	130	TunCoto
items	131	TunSeta
items	132	TunCust
items	133	TunRuna
items	134	TunCele
items	135	TunSacr
items	136	TunFort
items	137	TunHorm
items	138	TunMagi
items	139	JustTun
items	140	Nessuno
items	141	ScuCuoi
items	142	Buckler
items	143	ScuPiom
items	144	ScuBron
items	145	ScuFerr
items	146	ScuAcci
items	147	ScuArge
items	148	ScuTorr
items	149	JustScu
items	150	ScuVene
items	151	ScuAmul
items	152	ScuFrec
items	153	-----
spells	0	Barnas
spells	1	Baraiza
spells	2	Kurnas
spells	3	Kuraiza
spells	4	Bararaz
spells	5	Kurlain
spells	6	Bunsid
spells	7	Marlow
spells	8	Marlow2
spells	9	Marlow3
spells	10	Raizak
spells	11	Raizzan
spells	12	G-Cerca
spells	13	Fribane
spells	14	GCerca2
spells	15	RaizakU
spells	16	Bararz2
spells	17	Tromar
spells	18	Around
spells	19	Hardy
spells	20	Makyum
spells	21	Torneda
spells	22	Deholus
spells	23	Deholu2
spells	24	Eloimus
spells	25	Torneda
spells	26	Horma
spells	27	Horfar
spells	28	Hornust
spells	29	Hospis
spells	30	Hospira
spells	31	Doktom
spells	32	Arienas
spells	33	Strim
spells	34	Difesa
spells	35	Veleno
spells	36	CercaTr
spells	37	Paralis
spells	38	Scontro
spells	39	Megante
spells	40	Pietra
spells	41	ColpFug
spells	42	SoffGas
spells	43	SoffGel
spells	44	SoffGe2
spells	45	SoffEle
spells	46	SoffFuo
spells	47	SoffFia
spells	48	Doppio
spells	49	Assorbi
spells	50	Goccia
spells	51	Guscio
spells	52	Emerge
spells	53	Niente
spells	54	Uovo1
spells	55	Schiude
spells	56	Scava
spells	57	Verme1
spells	58	Verme2
spells	59	Verme3
spells	60	SoffFu2
spells	61	Sisma
spells	62	ColpFug
spells	63	Bufera
spells	64	Torneda
spells	65	Raizak
spells	66	SoffFia
spells	67	DragSin
spells	68	DragDes
spells	69	Meteora
spells	70	Astuzia
spells	71	RaizakU
spells	72	SoffFu3
spells	73	Raizak3
places	0	Astholm
places	1	Casa Mago
places	2	Shoros
places	3	Segaltea
places	4	CasaBosc
places	5	Albani
places	6	Grachesca
places	7	V.Orlov
places	8	Milton
places	9	Dalbia
places	10	Rutom
places	11	Irondel
places	12	Susandna
places	13	Winga
places	14	Messalia
places	15	Cassalia
places	16	Mare
places	17	Keafner
places	18	Jarmy
places	19	Bajad
places	20	RifDuval
places	21	RifLidia
places	22	Esencia
places	23	Sandworm
places	24	Sequet
places	25	Barn
places	26	Tsungal
places	27	Bubure
places	28	Rambulvil
chars	0	Mori
chars	1	Loran
chars	2	Orlov
chars	3	Hans
chars	4	Duval
chars	5	Lidia
chars	6	Isaac
chars	7	Karen
chars	8	Lucil
chars	9	Micha
chars	10	Rodol
chars	11	Eva
chars	12	Marei
chars	13	Gilan
chars	14	Elk
chars	15	Lenny
chars	16	Herbe
chars	17	Gale
chars	18	Falkn
chars	19	Werte
chars	20	Patty
chars	21	Sara
chars	22	Shirl
chars	23	Anna
chars	24	Ricar
chars	25	Serge
chars	26	Lacro
chars	27	Nikol
chars	28	Ashle
chars	29	Jacob
chars	30	Mort
chars	31	Malco
chars	32	Olga
chars	33	Jessi
chars	34	Pamel
chars	35	Diana
chars	36	Nono
ranks	0	  Capo
ranks	1	  Mago
ranks	2	Spadac.
ranks	3	Arciere
