offset	it
74003	   Comandi<05> Parla Magia<05> Zaino Equip<05> Stato Cerca
74199	 Sì<05> No
742BD	   Magia<05> {02:0A}  {02:14}<05> {02:46}  {02:50}<05> {02:82}  {02:8C}<05> {02:BE}  {02:C8}
742ED	   Magia<05> {02:0A}  {02:14}<05> {02:1E}  {02:28}<05> {02:32}  {02:3C}<05> {02:46}  {02:50}
74358	        Magia<05>
74516	 Nome     <48> <50>     <4D> <50>  <05>
74731	Forza  {02:07}<05>
74747	Attacco{02:07}<05>
7475D	Vigore {02:07}<05>
74773	Difesa {02:07}<05>
74787	Mente  {02:07}<05>
74818	    Equip<05> Arma {02:0A}<05> Vest {02:14}<05> Scud {02:1E}<05> Altr {02:28}<05>
748F5	     Magia<05>{02:0A} {02:14}<05>{02:1E} {02:28}<05>{02:32} {02:3C}<05>{02:46} {02:50}<05>{02:5A} {02:64}<05>
7492E	           Armi<05>
74983	          Armature<05>
749D8	           Scudi<05>
74A2C	           Altro<05>
74BA8	Unità<05> {02:0A}
74BBC	Unità<05> {02:0A}<05> {02:46}
74BD4	Unità<05> {02:0A}<05> {02:46}<05> {02:82}
74BF0	Unità<05> {02:0A}<05> {02:46}<05> {02:82}<05> {02:BE}
74CF6	 Copia dati<05>
74D11	 Elim. dati
74D3F	 Dati {02:0A}
74D7B	 {02:14} Liv.{02:07}<05>
74D8A	 Nuovo<05>
74E5D	 Eliminare?
7513B	Nome<05>{02:0A}
751BB	 Comandi<05> Stato<05> Truppe<05> Sospendi
75225	 Sospendere?
75245	 Stato<05> Auto<05> Truppe
75283	 Tana<05>
75290	 Tana<05>
7529A	 Colpo<05>
752A4	 Magia<05> Zaino<05> Equip<05> Passa
752C2	 Tana<05>
752CF	 Tana<05>
752D9	 Colpo<05>
752E3	 Zaino<05> Equip<05> Passa
75445	At{02:07}
75463	/Df
7549F	Arma {02:0A}<05>
